{
  "title": "KBBI English v0.42",
  "author": "YuuseiKurobane",
  "sequenced": true,
  "format": 3,
  "url": "https://discord.com/invite/9mN2RajgeF",
  "sourceLanguage": "jp",
  "targetLanguage": "en",
  "description": "This update adds resolutions to many forms obtained from crawling and pelafalan (abusing freq). KBBI is Kamus Besar Bahasa Indonesia, literally: big dictionary of Bahasa Indonesia. This dictionary adds English translation to the meanings and example sentences using google translate and google docs. Furthermore, frequency list data is obtained from indonesian-nlp/mc4-id dataset from huggingface, based on Common Crawl's web crawl corpus (mC4). Software to extract base word is provided by y124 on discord.",
  "attribution": "Feel free to contribute by joining the discord. We are a community of Bahasa Indonesia language learners, feel free to ask anything about Bahasa Indonesia.",
  "revision": "2025.09.22.002"
}
